step,train_loss,val_loss,lr,elapsed_s
0,,8.3356,2.00e-05,5
200,3.9268,3.9376,1.99e-03,142
400,3.5104,3.4592,1.96e-03,269
600,3.2332,3.1767,1.90e-03,398
800,2.8855,3.0150,1.83e-03,528
1000,2.7349,2.9047,1.74e-03,655
1200,2.6641,2.7973,1.63e-03,783
1400,2.6079,2.7206,1.51e-03,911
1600,2.6614,2.6370,1.38e-03,1040
1800,2.4851,2.5991,1.24e-03,1169
2000,2.5599,2.5685,1.10e-03,1296
2200,2.3944,2.5550,9.59e-04,1425
2400,2.4485,2.5063,8.22e-04,1553
2600,2.4053,2.4698,6.91e-04,1683
2800,2.5259,2.4331,5.71e-04,1814
3000,2.4162,2.4161,4.64e-04,1944
3200,2.4052,2.4088,3.72e-04,2074
3400,2.3736,2.3626,2.98e-04,2201
3600,2.2542,2.3547,2.44e-04,2329
